NUMERO,,84,83,82,81,80,79,78,77,76,75,74,73,72,71,70,69,68,67,66,65,64,63,62,61,60,59,58,57,56,55,54,53,52,51,50,49,48,47,Anuario 2010,46,45,44,43,42,41,40,39,38,37,36,35,34,33,32,31,30,29,28,27,26,25,24,23,22,21,20,19,18,17,16,15,14,13,12,11,10,9,8,7,6,5,4,3,2,1
Fecha,,August-14,July-14,June-14,May-14,April-14,March-14,February-14,November-13,October-13,September-13,August-13,July-13,June-13,May-13,April-13,January-13,December-12,November-12,October-12,September-12,August-12,July-12,June-12,May-12,April-12,March-12,February-12,December-11,November-11,October-11,September-11,August-11,July-11,June-11,May-11,April-11,March-11,February-11,,December-10,November-10,October-10,September-10,August-10,July-11,June-10,May-10,April-10,March-10,February-10,January-10,November-09,October-09,September-09,August-09,July-09,June-09,May-09,April-09,March-09,January-09,September-09,August-08,May-08,March-08,September-07,April-07,December-06,September-06,July-06,May-06,,,,May-05,March-05,January-05,,May-04,verano 2004 (?),August-03,April-03,,August-02,
Tapa,,JUDAS PRIEST,MOTORHEAD,TARJA-ARCH ENEMY-ANNEKE-EPICA,MEGADETH-NIN-GUNS N` ROSES-SOUNDGARDEN,METALLICA,HERMETICA 20º ANIVERSARIO,AC DC,BLACK SABBATH-MEGADETH-ALICE IN CHAINS-KORN,IRON MAIDEN,METALLICA,MOTLEY CRUE,BLACK SABBATH,ALICE IN CHAINS,VARIOS (A Perfect Circle-Down-Anthrax-Testament-Pearl Jam-Accept-Carcass-Tomahawk-Cradle of Filth-Saxon-QOTSA),DOWN,V8,ZAKK WYLDE-SLASH,SLAYER-MANSON-STONE SOUR-MASTODON,MEGADETH,DEEP PURPLE,TESTAMENT-OVERKILL-KREATOR,KING DIAMOND,PANTERA,OPETH,RANDY RHOADS,MAX CAVALERA,LAMB OF GOD,PHIL ANSELMO (DOWN),SYSTEM OF A DOWN-FAITH NO MORE,MACHINE HEAD,SCOTT IAN,MALON,"ACERO ARGENTINO ""los 30 mejores discos nacionales""",SLAYER,IRON MAIDEN-MOTORHEAD-SLASH (Caricaturas),OZZY-AMON AMARTH-AV7,RICARDO IORIO,SLIPKNOT,METALLICA-MEGADETH-RAMMSTEIN-IORIO,PANTERA,ANTHRAX-HALFORD-RATM-RUSH,ZAKK WYLDE,IRON MAIDEN,JUDAS PRIEST,OZZY,DIO,MEGADETH,GUNS N´ ROSES vs SLASH,50 DISCOS DE LA DECADA,METALLICA,AC/DC,HERMETICA,SLAYER,MEGADETH,LOS 50 MEJORES GUITARRISTAS,MASTODON,HEAVEN AND HELL,LEMMY-IORIO,IRON MAIDEN,KISS,GUNS N´ ROSES,METALLICA,IORIO,OZZY,IRON MAIDEN,MEGADETH,HEAVEN AND HELL,MOTORHEAD,SLAYER,PANTERA,IORIO,,,,SYSTEM OF A DOWN,JUDAS PRIEST,ANTHRAX,,SLIPKNOT,IRON MAIDEN,METALLICA,AUDIOSLAVE,,CRADLE OF FILTH,
Poster,,Black Label Society,Arch Enemy,De la Tierra,,Avenged Sevenfold,Gojira,,Black Sabbath,Carcass,Vista Chino,,Beto & Ricardo,,Hypocrisy-Annihilator,Testament,,Almafuerte,,,In Flames,At The Gates,,Cannibal Corpse,,EPICA,Amon Amarth,Down,,,Judas Priest,Disturbed,Zakk Wylde,Slayer,,Iron Maiden-Motrhead-Slash,Tarja,Opeth,Overkill,,Rammstein,,Lamb of God,Behemoth,Slipknot,,,,,,,Personajes 2009,,,Alice in Chains,,Dream Theater,Anthrax,Lemmy,Carcass,Lamb of God-Kreator,,Slipknot,Megadeth,Ozzy-Black Label Society,Iron Maiden,Nightwish,Machine Head,Arch Enemy-Lacuna Coil,Iron Maiden,Pantera-Mastodon,Metallica,,,,,,,,,,,,,,
Conociendo a Jedbangers,,Debut: Malon vs Almafuerte,Iron Maiden vs Killers,QOSTA: idem vs Songs for the deaf,Nirvana: Nevermind vs In Utero,Metallica. Ride the lighting vs Master of Puppets,Metalcore: Killswitch Engage vs Lamb of God,"Queensryche ""Operation.."" vs Deram Theater ""Metropolis""",Led Zeppelin vs Deep Purple,Bill Steer vs Mike Amott,X Factor (Maiden) vs Juglator (Judas),Sepultura con Green vs Soulfly,Banda que nunca vino a Arg,Rata con Barilari o Saul Blanch?,mejor disco de Maiden,Irias a ver a Slayer sin Hanneman y Lombardo?,El mejor debut thrash,Ozzy: Blizzard of Ozz vs Diary of madman,Marciello vs Giardino,Tema favorito de Countdown to Extinction,Entombed Wolverine Blues vs Carcass Hertwork,Sep: Arise vs Chaos AD,Disco Preferido Judas Priest,El peor tema del album negro Metallica,Axl Rose…,Mother de Pink Floyd o Mother de Danzig,Bush vs Belladonna,Ministry vs Nine inch nails,Dio vs Halford,Back in Black vs Highway to hell,Kyuss vs Queen of Stone Age,Slash vs Ace Frehely,Korn vs Deftones,Motorhead vs Ramones,Exodus vs Testament,Countdown to Extintion vs Album Negro,Alice in Chains vs Soundgarden,Judas Priest vs Iron Maiden,Reign in blood vs Seasosn in the abyss,,El disco que mas huevo le pusiste para que te guste,Instrumenal Favorito,Documental Favorito,Disco favorito,,Disco debut preferido,Vocalista Femenina preferida,Una Tapa Favorita,Cover Preferido,Bajista Preferido,Disco Desilusion,El peor show de tu vida,Herejias Metalicas,Banda Sueca Favorita,Canción preferida de Sabbath,Remera rockera faoprita,Disco Nacional Preferido,Disco pirata predilecto,Disco con mejores recuerdos,La mejor edicion de tu discoteca,el disco que nadie imagina tenes,el disco que nunca debió editarse,Disco que te gustaria tener,el disco que te gusto solo a vos,,,,,,,,,,,,,,,,,,,,,,
Discografía Seleccionada,,Mayhem,Almafuerte,Yes,Ramones,Michael Schenker Group,Alice Cooper,Motorhead,King Crimson,Nightwish,Dokken,Overkill,Steve Vai,Ministry,Black Label Society,Enslaved,Angra,Spiritual Beggars,Trouble,,Suicidal Tendencies,Biohazard,Danzig,Entombed,Stratovarius,Kreator,Exodus,Rush,Annihilator,Van Halen,Dark Tranquility,Queensryche,Blind Guardian,Type o Negative,Darkthrone,Paradise Lost,King Diamond,Therion,Motley Crue,,Porcupine Tree,Deicide,Def Leppard,Cradle of Filth,Carcass,Cathedral,Monster Magnet,Mercyful Fate,Sentenced,Anthrax,DRI (Dirty Rotten Imbeciles),Skidrow,Mastodon,Manowar,Death,Turbonegro,Electric Wizard,Death Angel,The Dillinger Escape Plan,High on Fire,Tool,,,,,,,,,,,,,,,,,,,,,,,,,
En que estaban pensando?,,Nightwish: echan a Tarja!,Jerry Only canta en Misfits,Stuka y Piltrafa: Stuka@Pil,Danzig: disco de música clásica,The Hunted: Unseen…,Thomas Holapainen: Tio Rico…,Vanila Ice: disco de Nü Metal,Mötley Crue,Dee Dee Ramone: disco de pop,Malon sin O´Connor,Metallica con Ja Rule…,Rata Blanca VII,Pete Steel muere… de mentira,Cabezones toca con Maiden,Metallica se niega a los solos en St Anger,Entombed toca con un ballet,Rob Halford y el mono…,Cantante de Iced Earth se hace cana…,,David Lee Rothsonrie en español,LA Guns anda en Bici…,Los videos post Ozzy de Sabbath,Sleep,Pete Steele desnudo…,Marylin Manson con tetas,"Pradist Lost ""Host""",Tapa de Reinventing the steel,David Lee Roth EP,Guns n´roses y el videod e Extranged,Iron Maiden elige a Blaze Bayley,Celtic Frost 1998,,Slash 1996-2007,Timo Tolkki 2004,Jedbangers 2009,Cryptosy 2008,Exodus 1992,Fear Factory 2002,,,,,,,,,,,,,,,,,,,Machine Head Traiciona al Thrash,Metallica se corta pelo…,Megadeth: Risk…,Sepultura: se va max,,,,,,,,,,,,,,,,,,,,,,,,,
Antifogón,,,,,,,,,,,,,,Metallica,Kyuss,Machine Head,Danzig,Type o Negative,Anthrax,,Dio,Guns N´ Roses,Faith No More,Alice In Chains,Motorhead,Ozzy Osbourne,Ramones,Iron Maiden,Black Sabbath (c/Ozzy),Kiss,Slayer,AC DC,Withesnake,Deep Purple,Black Sabbath,Jusda Priest,,Sepultura,Megadeth,,,,,,,,,,,,,,,,,,,,,,,,,,,,,,,,,,,,,,,,,,,,,,,
Detector de Metal,,Corrections House-Bandera de Niebla-Anti Mortem,,Subrosa-Tesseract-Oranssi Pazuzu,Beastmilk-Noisem-Inter Arma,Menace-The Gravitators-Iron Spell,Iron Reagan-Purson-Lxs Jugadxs,Caronte-California X-Posthum,Gozu-Noctum-Powertrip,Man´s Gin-Feed the Rhino-Kraków,Bombus-Ramming Speed-Rechazo,Age of  Taurus-Screamer-Destroy the humans,Zuul-Procession-Fosil,,,,,,,,,,,,,,,,,,,,,,,,,,Ghost-Eibon-Eva,,,Random-Holy Grail-Sulphur,Dawnbringer-Portal-The Union,,Barren Earth-Fornax Chemica-Beanside,Demians-Nefarium-Audrey Horne,Texas Hippie Coallition-We are the Fallen-Havoc,White Wizzard-Sybreed-Howl,Amaranthe-Sylosis-Mutiny Within,Vektor-Bethlehem-Angst Skvdron,Ulcerate-The sign of the southern cross-The Amenta,Diablo Boulevard-Keelhaul-Mustasch,Redepmtion-DeadxHead-Steel Panther,Ahab-Dynahead-Outloud,Revocation-Narrows-Ahab,Red Fang-Ex Deo-Slogh Feg,Volbeat-Chickenfoot-Bleed from Within,Portrait-Wetnurse-Luna Mortis,Alchemist-The Devils Blood-Magician,Night Horse-Conducting from the grave-Bison B.C.,This is hell-Grayceon-Municipal Waste,,,,,,,,,,,The Sword-Twilight-Anomalia,,,,Minus the bear-Trivium-Burst-Cable,YOB-ZAO-The eagles of death metal-J Church,,,The Locust-Escualo-Avenged Sevenfold-From Autumn to ashes,,Mondo Generator-The Flaming Sideburns-Mnemic-The Berzeker,CKY-Breed 77-Buffalo-Sikth,,Tenacious D-Scar Culture-Medication-Mastodon,
Dime como te llamas…,,,,,,,,,,,,,,Sun O))),H.I.M.,Queensryche,Quiet Riot,Tiamat,Atheist,Job for a Cowboy,Dimmu Borgir,Kyuss,,,,,,,,,,,,,,,,,,,,,,,,,,,,,,,,,,,,,,,,,,,,,,,,,,,,,,,,,,,,,,,,
Dias de Gloria,,Cuaderno de viaje Tribal Pt 3,Cuaderno de viaje Tribal Pt 2,Cuaderno de viaje Tribal Pt 1,El Pogo,Pantera seune a la Tribu,Soulfly Evoluciona como un Pokemon,Nace Soulfly Parte I,Alguien quiere un trago de sangre de Serpiente,Sepultura en Indonesia,Los Deftones se unen a la tribu,Escuela de Tours,Un nuevo hogar,The Bootleggers,Como conocí a Max Pt 2,Como conocí a Max Pt 1,La navidad de 1990,,,,,,,,,,,,,,,,,,,,,,,,,,,,,,,,,,,,,,,,,,,,,,,,,,,,,,,,,,,,,,,,,,,,,
Arqueología Metálica,,,,,,,,,,,,,,,,,,,,,,,,,,,,,,,,,,,,,,,,,La 1er banda nacional cantando en Ingles,1ros recitales internacionales en Argentina,Box sets,Revsistas de Heavy Metal,Parental Advisory,Las chicas en el metal,Los Cuernitos,Discos Dobles,Corpse Paint,Mensajes Subliminares,Supergrupos,Covers en el Metal,Discos de metal nro 1 en ventas,1er disco en vivo,El CD,1er reunion banda-orquesta,El Tappin a dos manos,1er disco tributo,La 1ra voz podrida,La 1er guittara de 7 cuerdas,1er doble bombo,,,,,,,,,,,,,,,,,,,,,,,,,
Los números de la bestia,,,,,,,,,,,,,,,,,,,,,,,,,,,,,,,,,,,,,,,,,,,,,,Iron Maiden,Megadeth,Brujeria,Pantera,Zakk Wylde & Black Label Society,Dream Theater ,Black Sabbath,Blind Guardian,Ramones,Rhapsody,Almafuerte,Cannibal Corpse,Type o Negative,Poison vs Slayer,AC/DC,Soulfly,Manowar,Whitesnake,Slayer,,,,,,,,,,,,,,,,,,,,,,
"Astilla ""Copetín al paso""",,,El nuevo Sonido del hombre,Tano Solo,Al gran Osvaldo,Grunge Whore,Llora Papuza,God of Thunder,El largo y duro camino al nro 1,Living L.A. vida loca,Bajostas: los integrantes no reconocidos,I´m ging through changes,Metal Gods,Y ahora que pasa con Slayer?,Mi Formación Favorita,Jani Lane,Seamos buenos,Carta abierta a Bon Scott,El cambio de cantante,Volvio el Vinilo,Una para el camino,Ginger otra vez,Panorama Nacional,No se puede escuchar mas Zeppelin...,,La Mano derecha de O´Connor,Painkiller: el mejor disco de metal clásico de todos los tiempos,Los discos mas forzados del metal,Grhol dejá de vender humo!...,Metallica me tiene podrido,Remasterizate Ésta...,Los discos que me cansaron,Clasicos de Culto,Que sea Justicia,Los Bateros mas flojos,Discos que ganaron peso con los años,Discos que se pincharon con el tiempo,Slayer son los putos reyes del Metal,Patton: componé una canción como la gente,,Prefiero a John Bush antes que a Joey Belladona,"""Deliverance"" de C.O.C. es el ""Master of Reality"" de los 90",Jason: tanto bardo bardo para esto?,Ginger es el mejor compositor de rock de los ultimos 20 años…,Los peores momentos del NuMetal,Kirk Hammett tiene mal gusto….,Por que banco a Sepultura con Derrick Green?...,,Bandas que cambiaron para bien,La banda sonora de nuestras vidas,Power Trios ,Mujeres en el rock,"Deja, no te vuelvas a juntar…",Bandas Sobrevaloradas,,,,,,,,,,,,,,,,,,,,,,,,,,,,,,,,
Ideando la fuga/Ruta 666,,,,,,,,,,,,,,,,,,,,,,,,,,,,,,,,,Plan 4,,Pez,Bloodparade,???,Barilari,Logos,,,,,,,,,"A liitle help from my friends (""invitados"")",,,Minoria Activa,Lorihen,Dar Sangre,Razones Concientes,Horcas,Serpentor,Biffalo,Patan,Taura,Tren Loco,Satan Dealers,,Lethal,Logos,Imperio,Jesus Martyr,Mastifal,Nueva Etica,Bolldog,Otra Salida,,Plan 4,,,,Carajo,,,,,,,,,,
La Historia del Rock Pesado,,,,,,,,2002 Cap IV,,,2002 Pt III,2002 Pt II,2002 Pt I,2001 Pt IV,2001 Pt III,2001 Pt II,2001 Pt I,2000 Pt IV,2000 Pt III,2000 Pt II,2000 Pt I,1999 4ta parte,1999 3ra parte,1999 2da parte,1999 1ra parte,1998 Pt 4,,,,,,1997 Pt 2,1997 Pt 1,1996 Pt 3,1996 Pt 2,1996 Pt 1,1995 Pt 4,1995 Pt 3,1995 Pt 2,,1995 Pt 1,1994 Pt4,1994 Pt 3,1994 Pt 2,1994 Pt 1,1993 Pt 2,1993 Pt 1,1992-1993,1992 2da parte,1992 1ra parte,,,,1990,1989,1988/89,1987/88,1986/87,1985/86,1984/85,1984,,,,,,,,,,,,,,,,,,,,,,,,,
El Soundtrack de sus vidas/Catadpres de Discos,,Diego Conte (Mastifal),Alejandro Picardi (Deny),Ariel Martinez (Eternal Grave),Santiago Garcia Ferro (Taura),,Guillermo Romero (Serpentor),Hakim Krim (Dead Lord),Stephan Hebedi (Hail of Bullets),Jamie Saint Merat (Ulcerate),Aaron Turner (Old Man Gloom-Isis),Gottfrid Ahman(In Solitude),Michael Stutzer (Artillery),Pedro Poney (Violator),Michel Langevin (Voivod),Jason Decay (Cauldron),Woodroe Wheatherman,Jimmy Htula (Sister Sin),Joey Tempest (Europe),Herman Li (Dragon Force),Paolo Gregoletto (Trivium),Victor Smolski (Rage),,,,,,,,,,,,,,,,,,,,,,,,,,,,,,,,Hernan Espejo (vrede-Asma),Gabriel García (Tungsteno),Ariel Ranieri (Jason),Emilio Souto (Skiltron),Claudio Filadoro (Buffalo),Diego Conte (Mastifal),Javier Canario Compiano (Plan 4),Daniel Libedinski (Dragonauta),,,,,,,,,,,,,,,,Nativo,,,,,Raiz,Dragonauta,,Boom boom Kid,
Sólo para Fanáticos,,,,,,,,,,,,,,,,,,,,,,,,,,,,,,,,,,,,,,,,,,,,,,,,,,,,,,,,,,,,,,,,,,,,,,,,Magika,,,,,,Jesus Martyr,,Timmy O´Tool,Avernal,Totus Toss,,,Cabezones,
De acá!,,Narcoiris,Killing Seasons,,Undermine,,Betrayer,Electro_Nomicon,Cobra Sarli,Malditos,Infelction,Clay,Eternal Grave,,,,,,,,,,,,,,,,,,,,,,,,,,,,,,,,,,,,,,,,,,,,,,,,,,,,,,,,,,,,,,,,,,,,,,,,,
Painting Blood/Desde La Tumba,,High on fire,"Testament ""Dark roots of earth""",Philip Lawvere,Painkiller,Municipal Waste,,,Hypocrisy: Penetralia,Malevolent Creation,Edge of Sanity,Entombed: Clandestine,Suffocation,Pestilence,The Key,Entombed: Left Hand Path,Morbid Angel. Altar of madness,,,,,,,,,,,,,,,,,,,,,,,,,,,,,,,,,,,,,,,,,,,,,,,,,,,,,,,,,,,,,,,,,,,,,
Notas,,Judas Priest,Motorhead,Monster Magnet,Tribulation,Metallica,Deafheaven,AC DC,Carajo,Devil Driver,Kreator,Ensiferum,Mike Patton,Marky Ramone,A Perfect Circle,Cradle of FilthVolbeat,Exodus,Arch Enemy,Slayer,Trivium,Megadeth,Overkill,Saint Vitus,Lynyrd Skynyrd,Artillery,Exodus,Amorphis,Limp Bizkit,Satyricon,Faith no More,Gary Holt (Exodus),Angra (Edu Falaschi),Kvelertak (Erlend Hjelvik),Immortal (Demonaz),Carajo,Slash,Ozzy,Michael Schenker,Fear Factory (Burton C. Bell),,Pantera (Phill Anselmo-Vinnie Paul),Anthrax (Scott Ian-Charlie Benante),Rob Halford,Tarot (Marco Hietala),Judas Priest,Karma tu Burn (Rich Mullins),Dio,Megadeth ,Mike Portnoy,,3 Inches of Blood,Madball,Skidrow,Slayer,Megadeth,Hatebreed,Mastodon,Caliban,Anathema,The Gathering,Lacuna Coil,Judas Priest,Agnostic Front,Almafuerte,Alabama Thunderpussy,Machine Head,Megadeth,Heaven and Hell,Motorhead,Slayer,Tool,Iorio,,,,System of a Down,Dark Tranquility,Anthrax,,Slipknot,Arche Enemy,Soilwork,Stratovarius,,Nightwish,
,,Ghost,Patan,Chad Channing (Nirvana),Megadeth,Tano Marciello,De la Tierra,Mercyful Fate,Anathema,Nocturnal Poisoning,Havok,Helker,Violator,Ghost,Accept,Porcupine Tree,Stryper,Slash,Behemoth,Europe,CJ Ramone,Kreator,Meshggah,Pantera,Exumer,Trey Spruance (Faith No More),Within Temptation,Autopsy,Kyuss Lives,System of a Down,Minoría Activa,Black Label Society (Zakk Wylde),Sister Sin (Liv Jagrell),Helloween,Slayer (Kerry King),Deftones,Avenged Sevenfold (Synyster Gates),Volbeat (Michael Poulsen),Rata Blanca /Walter Giardino),,Cradle of Filth (Dani Filth),Rob Halford,Zakk Wylde,Nachtmysium (Blake Judo),Triptycon (Thomas Gabriel Warrior),Ritchie Kotzen (Poison-Mr Big),Dillinger Escape Plan (Benjamin Weinman),Manowar ,Devin Townsend,,Paradist Lost,Rob Halford,Fear Factory,Kreator,Fughu,Primal Fear,Five Finger death punch,DIO,Paul Dianno,As I Lay Dying,Kiss,Mayhem,The Exploited,Tarja Turunen,Warbreed,Exodus,Black Labe Society,Sepultura,Almafuerte,Dark Funeral,Massacre,Exodus,,,,Meshuggah,Judas Priest,Lamb of God,,Machine Head,Evanscence,God Dethroned,Zwan-Supared,,Cradle of Filth,
,,Pallbearer,The Dagger,Ruso Verea,Guns N Roses,Sick Porky,Pentagram Chile,Devil,Korn,Michael Monroe,Dream Theaer,Fughu,Sun O))),Alice in Chains,Saxon,Carcass,Newsted,Zakk Wylde,Edguy,Die Toten Hosen,Tank,Testament,Ihsahn,Paul Di´Anno,Misfits,Brujeria,Iced Earth,Osbcura,Chickenfoot,Bullet for My Valentine,Disturbed,Testament (Eric Peterson),Disturbed (David Draiman),,Motley Crue (Mick Mars),Motorhead (Mikkey Dee),Amon Amarth (Johan Hegg),Stratovarius (Jorg Michael),Slipknot (Coery Taylor),,Spiritual Beggars (Mike Amott),Rush,Extreme (Gary Cherome),Iron Maiden,Rhapsody of Fire (Luca Turilli),Misery Index (Jason Netherton),Varj Vikernes (Burzum),Helloween,Sebastian Bach,,Metallica,Ensiferum/Skiltron,UDO,Exodus,Malicia,Ripper Owens,Ill NIño,Isis,Unearth,Arch Enemy,Ministry,Nueva Etica,The Haunted,Dar Sangre,Mike Patton,Helloween,Chimaira,Ian,Iron Maiden,Ritual-Dragonauta,The Dillinger Escape Plan,Deicide,,,,Sentenced,Soilwork,G3,,Hipocrisy,Korn,Jorg Michael (stratovarius),Lacrimosa,,The Osbournes,
,,Massacre,Vintersorg,Anneke,Nine Inch nails,Apocalyptica,Turbonegro,Epica,Alice in Chains,Vista Chino,Myles Kennedy (Slash y Alter Bridge),Marty Friedman,,,Testament,Prong,Sonata Arctica,Paradise Lost,Mastodon,,Enforcer,At The Gates,King Diamond,Raven,Opeth,Paul Bostaph,Atari Teenage Riot,Six Feet Under,Tool,Saxon,Blind Guardian,Anthrax (Scott Ian),Anneke Van Giersbegen,,Symphony X (Michel Romero),Iron Maiden,Mr Big (Nilly Sheehan),Wino Weinrich,Rammstein (Flake),,Infection Grooves,Rage against the Machine,Mercyful Fate (Ank Shermann)),Vinnie Paul,Lamb of God (Chris Adler),Ozzy,Rotting Christ,ZZ Top,Guns n´ Roses,,NOFX,Overkill,Venom,Arch Enemy,Xandria,Behemoth,Candlemass,Arch Enemy,Lamb of God,Genghs Tron,Amon Amarth,AC/DC,Carcass,Magnos,Plan 4,Glenn Hughes,Dream Theater,Testament,Peter Dolving,Eidyllion,Celtic Frost,Unearth-Every time I Die,,,,Blck Label Society,Jesus Martyr,Marky Ramone,,Edguy,Gamma Ray,Cabezones,QOTSA,,DD Ramone,
,,Death to All,Cradle of Filth-Throne Room-Oranssi Pazuzu,Aliisa White (Arch Enemy),Soundgarden,Tren Loco,Hermetica,Ihsahn (Emperor),Black Sabbath,Ghost,,Dead Lord,,,Anthrax,Down,Hatebreed,,,,Bill Hale (Fotografo Metallica),Dragonforce,,Unisonic,Nightwish,The Damned,Corrosion of Conformity,The Black Dahlia Murder,Megadeth,Anvil,Dream Theater,Devildriver (Dez Fafara),Ghost (Nameless Ghoul),,,,Mastodon (Bill Kelliher),Ricardo Iorio,Pennywise (Zoli Teglas),,Suicidal Tendencies,Ginger-Michael Monroe,Death Angel (Mark Osegueda),Hypocrisy (Peter Tagtren),Scorpions (Mathias Jabs),Mastifal (Alex Martin y Diego Conte),Tano Marciello,Scorpions,Slash,,Sirenia,Scott Kelly (Neurosis & Shrine Builder),Dragonforce,Die toten hosen,Grand Magus,,Amorphis,Andreas Kisser,Hammerfall,Steve Harris,Edguy,Guns N´Roses,Mudhoney,Dark Tranquility,Joey Belladona,Fieldy,Max Cavalera,Killswitch Engage,Voivod,L.A. Guns,Edguy,Helloween,,,,Ozzy Osbourne,Masterplan,Nightwish,,Fear Factory,Zakk Wylde,Motosierra,The Gathering,,Korn,
,,Septicflesh,Procesion-Age of Taurus-Below,Epica,Ulcerate,Killer Be Killed,,Vibrion,Megadeth,Iron Maiden,,The Winery Dogs,,,,,,,,,,Jon Lord,,Annihilator,Mastodon,Cannibal Corpse,Tungsteno,Lamb of God,Down,,Morbid Angel,,Malón,,,,Agnostic Front (Roger Miret),,,,Kamelot (Thomas Youngblood),Disturbed (John Moyer),,,,Bigelf (Damon Fox),Theatre of Tragedy (Nell y Hein),Katatonia ,P.O.D.,,Earth Crisis,,Mitch Dickinson,Walls of Jericho,Killswitch Engage,,Dimmu Borgir,,Biohazard,Dragonforce,Mago de Oz,Anthrax,Paradise Lost,In Flames,Ayreon,Peper Keenan,Devil Driver,The Gathering,Children of Bodom,Sick of it all,Dave Ellefson,The Gathering,,,,WASP,Queens of the stone age,The Haunted,,Mike Patton,Krisiun,Helloween,Shadows Fall,,Civilian,
,,,John Garcia-Truckfighters-Poseidótica,Tarja Turunen,Havok,Black Star Riders,,Horcas,Off!,,,Killswitch Engage,,,,,,,,,,Darkthrone,,Fear Factory,,Randy Rhoads,Max Cavalera,,,,André Matos,,,,,,,,,,Europe,,,,,Sergio Roitman (The Miutants),Ruso Verea,Cynic,Blackie Lawless (WASP),,Kylesa,,,Sonata Arctica,Steve Vai,,Biozahard,,Lemmy,Toxic Holocaust,O´Connor,,Trouble,Opeth,At The Gates,Slash,Sonata Arctica,King Diamond,Cradle of Filth,Lamb of God,Bruthal 6,Jeff Walker,,,,Isis,Apocalyptica,Rammstein,,In Flames,Dimmu Borgir,Torniquet,Linkin Park,,Antiproduct,
,,,,,Kayser,,,Meshuggah,Sepultura,,,Motley Crue,,,,,,,,,,,,,,,,,,,Machine Head,,,,,,,,,,Tobias Sammet,,,,,,Gamma Ray (Kai Hansen),Obituary,Social Distortion,,Torche,,,Dismember,Children of Bodom,,Lacuna Coil,,Iorio,Faith no nmore,Opeth,,Sebastian Bach,Whitesnake,Testament,Type o Negative,,Rob Halford,Backyard Babbies,Morbid Angel,Ripper Owens,Biohazard,,,,Napalm Death,Horcas,Social Distortion,,Gorgoroth,Limp Bizkit,Celtic Frost,Selidor,,,
,,,,,Lost Society,,,,Max Cavalera,,,,,,,,,,,,,,,,,,,,,,,,,,,,,,,,,,,,,,,Anathema,,,,,,Entombed,,,,,,Anneke,Clutch,,Sepultura,Dino Casares,Kai Hansen,Tarja,,Embodiment,Turbonegro,Rhapsody of Fire,Paradise Lost,Avernal,,,,NIN,Agnostic Front,Celtic Frost,,Cannibal Corpse,Six Feet Under,The Kovenant,Rob Zombie,,,
,,,,,Plan 4,,,,Trouble,,,,,,,,,,,,,,,,,,,,,,,,,,,,,,,,,,,,,,,,,,,,,Baroness,,,,,,,,,Brauw,,Behemoth,,,Logos,,Blind Guardian,Queensryche,Lacuna Coil,,,,Faith no More,High on  Fire,,,Biohazard,Buffalo,Godsmack,Old Man´s child,,,
,,,,,,,,,,,,,,,,,,,,,,,,,,,,,,,,,,,,,,,,,,,,,,,,,,,,,,,,,,,,,,,,,,,,,,Saxon,Carnarium,Nasum,,,,Mars Volta,,,,Nightwish,Dragonauta,The Wildhearts,Audioslave,,,
,,,,,,,,,,,,,,,,,,,,,,,,,,,,,,,,,,,,,,,,,,,,,,,,,,,,,,,,,,,,,,,,,,,,,,Stone Sour,Fear Factory,Paradise Lost,,,,Candlemass,,,,Opeth,Rata Blanca,Shaman,Jason Newsted,,,
,,,,,,,,,,,,,,,,,,,,,,,,,,,,,,,,,,,,,,,,,,,,,,,,,,,,,,,,,,,,,,,,,,,,,,Anathema,Vinnie Paul-Phil Anselmo,,,,,,,,,King Diamond,Hellacopters,Derek Sherinian,Stone Sour,,,
,,,,,,,,,,,,,,,,,,,,,,,,,,,,,,,,,,,,,,,,,,,,,,,,,,,,,,,,,,,,,,,,,,,,,,,,,,,,,,,,Magika,The Crown,,Amon Amarth,,,
,,,,,,,,,,,,,,,,,,,,,,,,,,,,,,,,,,,,,,,,,,,,,,,,,,,,,,,,,,,,,,,,,,,,,,,,,,,,,,,,,Horcas,,Angra,,,
Desde El Pogo,,Hellfest 2014,Malicia,Revamp,HIM,Sonata Arctica,Dark Tranquility,Off!,Whitesnake,Living Colour,Possessed,Cannical Corpse,Ensiferum,Lacrimosa,Queens of the stone age,Sonata Arctica,Exodus,Kiss,MAUINARIA 2012,Dream Theater,Walter Giardino Temple,Plan 4,Artillety & Exumer,Malon,Sodom,Roger Waters,Anthrax,Malon,Chris Cornell,Guns n´Roses,Whitesnake-Judas Priest,Black Label Society,Limp Bizkit,The Gathering,Alice Cooper,Forbidden,Tributo a V8,Katatonia,Cradle of Filth,,Europe,Therion,Scorpions,Stryper,Biohazard,CJ Ramone,Rata Blanca con Doogie White,Korn,Syrenia,Vince Neil,Angra,Dragonforce,Die Toten Hosen,Children of Bodom,Xandria,CJ Ramone,System of Mercy,Caliban,Kiss,Circle Jerks,Edguy,Motley Crue,Grave Digger,Megadeth,Dream Theater,Iron Maiden,BS AS Metal Fest,Arch Enemy,Dark Funeral,DIO,Destruction,Helloween,,,,Motorhead-Corrosion of Conformity,Anthrax,3 days of darkness Festival,,Metallica,Lollapalooza: Incubus-A perfect circle-Audioslave-Jane´s Adiction,Hammerfall,Alice Copper,,Supejoint Ritual,
,,Swedden Rock 2014,Korpiklaaani,Amon Amarth,Pentagram Chile,Avenged Sevenfold,Kamelot,Yngwie Malmsteen,Limp Bizkit,Helker,Soulfly,Avantasia,Stratovarius,Steven Wilson,Pearl Jam,Lacna Coil,Stryper,Extreme Fest 2012,Sepultura,Rata Blanca,Epica,NOFX,Korpiklaani,Steven Wilson,Lamb of God-Hatebreed-Lacuna Coil,Soulfly,Amorphis,"Cannibal Corpse-Suicide Silence-The Black Dahlia Murder""",Faith no More,Deep Purple,Blind Guardian,Testament,Head,Carajo,Helloween/Stratovaius,Avenged Sevenfold,Tarja,Pestilence,Pennywise ,,Ripper Owens,Queens of the stone age,Tarot,Alakran,Krisiun,Dark Tranquility,Suffocation-Napalm Death,Wasp,P.O.D.,Obituary,The Black Dhalia Murder,Skidrow,GBH-Soziedad Alkoholika,Walls of Jericho,Eddie Spaghetti,The Michael Skenker Group,Rata Blanca,Down by Law,O´Coonor,Anneke,Deep Purple,Carcass,Melvins,Misfits,Paul Dianno,Chris Cornell,Motorhead,In Extremo,NOFX,Sick of it all,Paradise Lost,The Gathering,,,,Kreator-Vader,Cosquin Rock,Gilby Clarke,,Clutch-Mastodon-Nebula,Marduk,Bay Area Thrash Festival,The art of Noise Tour,,Motorhead,
,,Wacken 2014,,Therion,Paradise Lost,,Kreator,,,Plan 4,Metal para toos 6,Tool,Annihilator,Testament-Anthrax,Carcass,Anneke,Nightwish,Asspera,G3,,Coal Chamber,The Agonist,Richie Kotzen,Pain,Sebastian Bach,Hail!,Within Temptation,Children of Bodom,Duff Mckagan´s loeaded,Immortal,Mondo Cane,Symfonia,Jorn,Symphony X,Accept,Tano Romano,Sick of ti all-Comeback kid,Blaze Bayley,Primus,,Millencolin,Sonata Arctica,The 69 Eyes,,Job for a Cowboy,Theater of Salvation,Richie Rotzen,Social Distortion,Benediction,Duncan Patterson,Haggard,The Exploited,Stratovarius,,Sinner-Primal Fear,Lacrimosa,Ill Niño,Amon Amarth,Opeth,As I Lay Dying,Earth Crsis,Epica,Tarja,Whitesnake,Bad Brains,Cosquin Rock,Obituary,The Cult,Madball,Fear Factory,,Deep Purple,,,,,Helmet,Edguy-Kotipelto,,King Crimson,Stratovarius,Shaman,Misfits,,Tool,
,,,,Children of Bodom,,,Steve Vai,,,Rob Zombie,Angra,,Adrenaline Mob + Halestorm,Rata Blanca,Cradle of Filth,Turisas,Tankard,Tim Ripper Owens,Linkin Park,,Die Toten Hosen,Rhapsody of Fire,Therion,Gotthard & Unisonic,Ratos de Porao-Gatillazo,Marky Ramone Blitzkrieg,,Dying Fetus,Bullet for My Valentine,System of a Down,,Devildriver,Mr Big,Plan 4,The Cult,Jane´s Addiction,Michael Schenker Group,O´Connor,Avantasia,,Rammstein,Linkin Park,Hypocrisy,,Shadows Fall,Danny Cavanagh-Anneke,Manowar,Epica,Overkill,Cannibal Corpse,Deicide,Tiamat-Moonspell,Faith No More,,,Hatebreed,Abathema,,New York Dolls,Morbid Angel,In Flames,Symphony X,Sodom,Bande,Deep Purple,Gorgoroth,Testament,Deftones,Toy Dolls,,,Soziedad Alkoholika,,,,,Ministry,Mars Volta,,Monster Magnet,The Misfits,,Anthrax,,Soulfly,
,,Horcas ,,De la Tierra,,,Gamma Ray & Hellloween,,,,All that remains,,Punk Rock Bowling Festival,Black Sabbath,My Dying Bride,,Eluveitie,Whiplash,Metal Para todos,,Europe,Vader,Michael Monroe,Exodus,The Damned,Dimmu Borgir,,,Pearl Jam,Machine Head,,G.B.H.,Grave Digger,Hirax-Rage-Virgin Steele,Finntrol,Journey,Anvil-Primal Fear,,Jeff Beck,,Twisted Sister,Death Angel,Toy Dolls,,Fishbone,Cro Mags-Death before Dishonor,Jeff Scoto & Eric Martin,Marduk,Tano Romano,Cosquin Rock,Venom,Fear Factory,Duff McKagan´s Loaded,,,,,,The adicts,Mago de Oz,,Destruction,Agnostic Front,Tristania,The Datsuns,Suicidal Tendencies,Symphony X,Deep Purple,The Stoogies,,,Brujeria,,,,,,MxPx,,Dream Theater,Primus,,,,,
,,,,Warcry,,,Bad Religion,,,,Corrosion of Conformity,,Almafuerte,Enforcer,Bad Brains,,Paradise Lost,Edguy,Agnostic Front-H20,,Pain of Salvation,,Decapitated,,Jane´s Addiction,,,,,Saxon,,Disturbed,Anathema/Anneke,,Doro,,Exciter,,,,Anthrax,Tano Romano,Lacrimosa,,,Lacuna Coil,ZZ Top,Suicide Silence,Korpiklaani,NOFX,No Demuestra Interes,,Living Colour,,,,,,Less than Jake,,,Mayhem,Belladona,Dark Tranquility,Sonata Arctica,Brujeria,Angra,Ratos de Porao,Anathema ,,,The Hellacopters,,,,,,,,The Dillinger Escape Plan,King Diamond-Entombed,,,,,
,,,,,,,Transatlantic,,,,Serpentor,,30 años luchando por el metal,,Massacre,,,Scott Weiland,Pennywise,,,,Raven,,Amon Amarth,,,,,Bad Religion,,,,,U.D.O.,,,,,,Jello Biafra,Incubus,Lamb of God,,,Virgin Steele,Gamma Ray,,Dream Theater,,,,Kreator/Exodus,,,,,,Die Toten Hosen,,,The Cult,,Avantasia,Behemoth,Exodus,Mago de Oz,,Stratovarius,,,Mago de Oz,,,,,,,,The Gathering,,,,,,
,,,,,,,Nile,,,,Violator,,Marky Ramone Blitzkrieg,,Symphony X,,,Dinosaur Jr,CJ Ramone,,,,Paul Di´Anno,,Jello Biafra & The Guantanamo School of Medicine,,,,,Onslaught,,,,,Angra,,,,,,Buzzcocks,,,,,Imperio (Gustavo Gorosito),,,,,,,Ripper Owens,,,,,,,,,Paradise Lost,,,Imperio,Incubus,Soulfly,,Doro,,,,,,,,,,,,,,,,,
,,,,,,,,,,,,,,,Down,,,,Marillion,,,,Barón Rojo,,Brujería,,,,,,,,,,Heaven Shall Burn/As I Lay Dying,,,,,,Marky Ramone Blitzkrieg,,,,,Darthrone (Gylve Nagell)),,,,,,,Killswitch Engage,,,,,,,,,Judas Priest,,,Heolloween-Gamma Ray,Yngwie Malmsteen,Velvet Revolver,,G3,,,,,,,,,,,,,,,,,
,,,,,,,,,,,,,,,The metal Fest (Chile),,,,Truckfighters,,,,,,MIsfits,,,,,,,,,,,,,,,,Mago de Oz,,,,,,,,,,,,,,,,,,,,,Stone Temple Pilots,,,,Madball,Bad Religion,,Edguy,,,,,,,,,,,,,,,,,
,,,,,,,,,,,,,,,,,,,,,,,,,Iced Earth,,,,,,,,,,,,,,,,,,,,,,,,,,,,,,,,,,,,,The Haunted,,,,Marilyn Manson,Aerosmith,,,,,,,,,,,,,,,,,,,
,,,,,,,,,,,,,,,,,,,,,,,,,,,,,,,,,,,,,,,,,,,,,,,,,,,,,,,,,,,,,,Nightwish,,,,,Evanescence,,,,,,,,,,,,,,,,,,,
Sobrevivientes al Rock,,Pato Larralde,,Eric Wagner,,,,Mina Caputo,,,,,,"Adrian Outeda (Satan Dealers, NDI)",,,,,,,,Jeff Becerra (Possesed),Andrés Giménez,,,,Paul Speckman,,,Walter Martinez (Almafuerte-Vorax),,Anton Resisenegger (Criminal-Pentagram-Look Up),Eddie Walker,Brian Welch (Korn),Domingo Felice (Retrosatan),Fabian Spataro (Mark I-Hermetica-V.A.G-O.),Gustavo Rowek (V8-Rata Blanca-Nativo),Steve Kudlow (Anvil),Marcelo Pocavida,,,,,,,,,,,,,,,,,,,,,,,,,,,,,,,,,,,,,,,,,,,,,,,
"Los ""otros"" (no todos quieren tocar la guitarra todo el día…",,,,,,,,,,,,,,,,,,,,,,,,,,,,,,,,,Mick Wall,,,,,Ester Segarra,Don Jamieson,,,Webmaster de Megadeth,Albert Mudrian,,,Joel Mclver,Melissa Cross,,,Miguel Mora ,Carlos Tortola,"Annick ""Morbid Chef"" Giroux",Holger Tiefenbach,Gustavo Olmedo,Jens Pruter (Century Media),Carlos Zarate (Icarus),Sean Yseult (exbajista White Zombie),"San Dunn (director de Flight 666, etc)",Arik Roer (ilustrador),Joe Petagno(ilustrador),Steve Thopson (Productor),,,,,,,,,,,,,,,,,,,,,,,,,
Gracias por la magia,,,Venom: Welcome to hell,,Bloke: Demolición,Therapy: troublegum,,,,Paradise Lost: Draconian Times,,Cradle of Filth: The principle of Evil made flesh,,Pestilence,Manowar: Kings of metal,Katatonia: Brave Murder Day,,Amorphis: Elegy,,Pentagram (no la de Chile!),Agnostic Front: Cause for alarm,,, Diamond Head: Lightning to the nations,Lamb of God: As the palaces burn,,"Riot ""Thundersteel""",Dimmu Borgir: Stormblast,Fugazzi: Repeater,,Sepultura: Arise 20 años,Voivod: Nothingface,,,Neurosis: Enemy of the sun,Accept: Balls to the wall,Ozzy (Diary of a madman),Scorpions: Blackout,Saint Vitus: Born too late,,,Rhapsody: Legendary Tales,Cynic: Focus,The Gathering: Mandylion,Angra: Holy Land,Trouble: Manic frustration,Annhililator: Alice in hell,Peter Steele,,"Skid Row ""Slave to the grind""","Soundgarden ""Badmotorfinger""","Exodus ""bounded by Blood""","Hermética ""Hermética""",Biohazard: Urban Discipline,The Wildhearts,Anathema,Megadeth: Rust in Peace,Prong: Cleansing,The Haunted: The Haunted,Eyehategod: take as needed for Pain,Spiritual Beggars: Ad Astra,,A.N.I.M.A.L.: Fin de un mundo enfermo,Helloween: Keeper of the seventh keys,Mercyful Fate: Melissa,Ozzy Osboourne: Blizzard of Ozz,Rage Against teh machine,At The Gates: Slaughter of the soul,Korn: Korn,Iron Maiden: Iron Maiden,Nirvana: Nevermind,Metallica: Master of Puppets,,,,Kyuss: Welcome to sky valley,Ramones: Ramones,Sepultura: Arise,,,,,,,,
Informes Especiales,,10 re-grabaciones que NO deberían existir,Los 10 discos argentinos mas arriesgados,,Rock Ocultista,Metallica en Argentina,Encuesta Jedbanger: 2013,AC DC,Iron Man: Tony Iommi,Iron Maiden en River,,Motley Crue,,,,,Encuesta Jedbangers 2012,Lo mejor de 2012 según Jedbangers,,El regreso del Vinilo,,,,"""El pais que nomiramos Pt. 3"": Frater, Narcoiris-Corales-Winter of Summer-Arpeghy",,,"""Metal Ocultista"": In Solitude-Devil-Year of the goath-The Devil´s Blood","""Encuesta Jedbangers 2011""/""Especial Death Metal"": Miasmal-Morbus Chron-Feral-Bastard Priest-Mr Death",,,,"""El pais que nomiramos Pt. 2"": Criptofonia-Cabrocordero-Calvario-No Geuura-Before The Infection",,"Acero Argento: ""Los 30 mejores discos de la musica pesada nacional""","""El pais que nomiramos Pt. 1"": Alimaña-Tungsteno-Random-Mayan S.A.-Tempestor",,,"""10 bandas para conocer"": Havok-Grayceon-Krallice-Chickenhawk-Holy Grail-Darkest Era-Hail of Bullets-A Pale horse named death-Dommin-Morne-Hail of Bullets","""Mejor Banda 2010""","""Los Mejores 10 discos 2010""",,,,"""THRASH se escribe con H""",,,,,,"""Los 50 mejores discos de la década 200-2009""","""Encuesta 2009""",,"""Thrash Metal Argentino Pt II""",Ser Thrash Metal en Argentina (Serpentor-Tungsteno-Criptofonia),Raro tenes el orto: Estilos raros,,,Hard Rock XXI,,Powermetal: nueva generación,Encuesta Jedbangers 2008,,,,Encuesta Jedbangers 2007,,,Encuesta 2006,,,,Encuesta Jedbangers 2005,,,,Blackmetal,Encuesta Jedbangers 2004,New Wave of American Heavy Metal,,Grunge,Encuesta Jedbangers 2003,Deftones / NOFX,Tributo a RAMONES,,STONER ARGENTINO,
,,,,,,Pantera a 20 años de Far Beyond Driven,Los 15 disco más esperados 2014,Encuesta Jedbanger: lo mejor de Jedbanger 2013 (según ellos),Black Sabbath-Megadeth (en La Plata),BS AS Post Hardcore: Coralies-Melian-Deny,METALLICA: 10 HITOS,,BLACK SABBATH,JEFF HANNEMAN,,,V8: 30° aniversario de Luchando por el metal,,,DEEP PURPLE: Machine Head °40 ANIVERSARIO,20° COUNTDONW TO EXTINCTION ,,,,,,,,,,,,,,,,,,,,,,,,,,,,,,,,,,Informe PROGRESIVO,LOS 50 MEJORES GUITARRISTAS,Especial Progresivo: Porcupine Tree / Rush,Revival THRASH: Bonded by Blood-Evile-Gama Bomb-Lazarus A.D.,Extremo: Psyopus-Buried Inside-Watain-Cattle Deacapitation,Maiden en Velez,,Bandas Under,METALLICA: DEATH MAGNETIC,Ser metalero cristiano en Argentina,Ser Black Metal en Argentina,Los 10 mejores discos del 2007 según Jedbangers,,Los 10 mejores discos del 2006 según Jedbangers,,,,Los  mejores 50 discos del Punk,,,,Discografia: Hair Metal,Metalcore sensible: Mychemical romance-Avenged Sevenfold-The used-ETC,Kurt Cobain / Dimebag Darrel 1966-2004,, Jurassic Rock: Led Zeppelin,Varg Vikernes / Gothic Metal,METALLICA: St Anger,Metal Experimental,,White Metal,
,,,,,,,Hermetica,,,,,,,,,,,,,,,,,,,,,,,,,,,,,,,,,,,,,,,,,,,,,,,,,DOOM: Rwake-Blood Ceremony- The gates of Slumber,,Ser Death Metal en ARG: Eternal Grave-Exterminio-Prion,,,,,,,,Los 40 discos nacionales + esperados para 2008,,,,,,,,,,"SUPLEMENTO EXTRA-NOTAS: Richie Kotzen, Dream Master, Demenica, Kefren, Minoria Activa, Those endless eyes, Hell Within, Eternal Grave",SUPLEMENTO EXTRA-NOTAS: Reconcile-Chrisallys-Pelican-Venus Fisica-Social Shit-Taura-Skiltron-Lord Divine,Mastodon-Cult of Luna-Isis-Neurosis,,,IRON MAIDEN / Jurassic Rock: Black Sabbath,Funk Metal / Jurassic Rock: David Bowie,GUNS N´ROSES,,,
,,,,,,,,,,,,,,,,,,,,,,,,,,,,,,,,,,,,,,,,,,,,,,,,,,,,,,,,,,,,,,,,,,,,,,,,,,,,,,THRASH METAL: Origenes-Los Grandes-Resto del Mundo-Modernos-Cronología,,,DAMAGEPLAN / PROBOT,,Jurassic Rock: Jimi Hendrix,,,
,,,,,,,,,,,,,,,,,,,,,,,,,,,,,,,,,,,,,,,,,,,,,,,,,,,,,,,,,,,,,,,,,,,,,,,,,,,,,New Wave of British Heavy Metal,Prong-Helmet-Suicidal Tendencies,,,Mars Volta-A perfect Circle,Marilyn Manson,Hardcore Melódico Pt II,,,
Sream for me,,Planeta de los simios-Turn the page-True Detective,A million ways to die in the west-perros de paja-What we do is secret,X-men-Eden Lake-Brothers of the hed,Fantasmas de la ruta-La Sospecha(Prisioners)-Pirate Radio,Inside Llewyn Davis-Fargo-El Gran Lbowski,El lobo de wall street-Art School Confidential-Wolfen,This is the end-Thins to do in Denver when you are dead-Cabezas Huecas,,Thrash 2: las tetas de anal-Synecdoche NY-Beavis and Butt-head Do America,Dracula 3D-Hermanos de sangre-El último gran heroe,The lords of salem-Napoleon Dinamita-BS AS Hardcore Punk: documental 2009,La corporacion-Tulpa-Hated: GG Allin & The murder Yunkies,,Iron man 3-Mujer Lobo-Sound City,La memoria del muerto-Muertos de miedo-Pearljam 20,Sjango sin cadenas-Nekromantik-Black Sabbath,Diablo-Goretech-Firecracker,Argo-Maniac Cop-Joe Strummer,Ted-Making of sangriento-Dias de Vinilo,Batman Caballero de la Noche-American Movie-Fubar,La era del rock-The onanist-Casi famosos,Prometeo-Dia de los muertos-White Zombie,,Revolucion Toxica-Noche Alucinante-Usi/Disi,,,,,,,,,,,Lemmy: the movie-Dinero Sucio-Sadomaster,Kartal Yuvasi-Balada Trsite de Trompeta-Alien vs Ninja,Como sobrevivir a un rockero-Tesis-Zodiaco,Braindead-Possesion-I Love you man,,Scott Pilgrim vs the world-Celda 21-El hada buena,,Suck-Rush:Betong the lighted stage-Joy,Svatage Streets-Centurion-Mutant Director´s cut,Knock off-Miracle Mile-Robot Ninja,Angel de venganza-Comisario Ferro-Noches sin lunas ni soles,No way home-The unscarred-Life is hot in cracktown,Bleeder-The exterminator 2-Ex Drummer,The last hunter-Fingers- 6 Guns,Solo quiero caminar-The hills run red-Bone dry,The hunt for the BTK Killer-Vengeance-Les sleeping corpses lie,Highwaymen-Marked for death-Megafault,"No way home-Screwballs-Bonus track ""Night of the creepers""",Anvil-Witchmaster general-the girl with the dragon tatoo,La casa del miedo-Life sis hot in cractown-the good the bad and the weird,Martyrs-Combat Shcok-Yo soy pocavida,Santa Sangre-Visitor Q-Cut and Run,JCVD-Cat in the brain-Megashark vs Octopus,,,L´intinct de mort-Against the dark-Chopping Mall,Encarnacao do demonio-ILS-Naboer,Let the rain one in-Hair extensions-A bittesweent life,With blood on my hands: Pusher 2-A´linterieur-El poyecto del pitufo Enrique,Forced entry-God tolme to-Cruising,Diabel-El ejecutor-Master of horror:imprint,The abandoned,Sheita-Burda Ho tep-City of Rot,Hardware-Street Trash-Nemesis la era final,Shock o rama-Porn of the dead-Survive Style 5,Andre the butcher-Cemetary man-El mas alla,,,,,,,,,,,,,,,
"REVIEWS ""Corte de Justicia""",,Judas Priest,Mastodon,Cowbar,Tributo a DIO,Gamma Ray,Behemoth,Motorhead,Korn,Carcass,Vista Chino,Alice in chains,Megadeth,Deep Purple,Killswitch Engage,Spiritual Beggars,Helloween,Soundgarden,Almafuerte,Steve Harris,Testament,Baroness,"Rush ""Clockwork Angels"": 9 (9-8-7)",,Overkill,Cannibal Corpse 8,,,,,,,,,,,,,Motorhead: The world is yours8,,,,,,,,,Slash: Slash9 y 6,,,,,,Alice in Chains,Endgame,Divine Heresy,Dream Theater,Marilyn Manson,Heaven and Hell,Mastodon,Lamb of God,Guns N´ Roses,Slipknot,Judas Priest,Cavalero Conspiracy,Nightwish,Ozzy Osbourne,Machine Head,Deftones,Iron MAiden,Rebel Meets Rebel,Queensryche,,,,Spiritual Begars,Anthrax,Mastodon,,Fear Factory,Arch Enemy,Lamb of God,Anthrax,,Soulfly,
,,Overkill,Arche Enemy,Down,Agalloch,Sonata Arctica,Red Dragon Cartel,Black Flag,Death Angel,Ministry,Serj Tankian,Kadavar,Black Dhalia Murder,Melvins,Hypocrisy,Darkthrone,Bad Religion,Defontes,Kiss,Down ,The Darkness,Manowar,"Slash ""Apocalyptic Love"": 7 (7-6-5-5)",,Meshuggah,Napalm Death 8,,,,,,,,,,,,,Behemoth: Evangelia Heretika8,,,,,,,,,Avantasia: Angel Of Babylon & The Wicked Symphony6,,,,,,Kiss,Acid Rain,Arkaea,1349,Amorphis,Believer,Napalm Death,Blood Ceremony,Bloodparade,Alice Cooper,Cabezones,Meshuggah,Tarja,Kamelot,Type o Negative,Horcas,Motorhead,Ian Gillan,Darkthrone,,,,Corrosion of Conformity,Black Label sociey,The Haunted,,In Flames,Hammerfall,Evanescence,Lacrimosa,,Motorhead,
,,Iorio,Body Count,Eyehategod,A.C.T.,Crosses,Denners Trickbag,Apocalyptica,Onslaught,Nine inch nails,Age of Taurus,Orchid,A pale horse named death,Arsis,Amprphis,2112,Bad Brains,Antimatter,Kamelot,Whichcraft,Dew-Scented,Jork,"Amon ""Liar in wait"": 9",,Adrenaline Mob,3 Inches of blood 8,,,,,,,,,,,,,HDE P.E.: Truth Rising7,,,,,,,,,Abcess: Down of fumanity8,,,,,,Ace,Albedrio,Behold! The monolith,Antimatier,Anneke,Brutal Truth,Abacabb,Bokrug,Darkane,Amon Amarth,Glenn Hughes,Ministry,Candlemass,Velvet Revolver,Therion,Cradle of Filth,Papa Roach,Red Hot Chilli peppers,Amorphis,,,,System of a Down,Masterplan,Isis,,Dream Theater,Almafuerte,Type o Negative,Linkin Park,,Arcturus,
,,Ararat,Boris,Bloke,Arkona,Animal as leaders,Adrenaline Mob,Atlantean Kodex,Dream Theater,Satyricon,Asking Alexandria,Amon Amarth,Anvil,CliveNolan,Bring me the horizon,Biffy Clyro,Beto Vazquez Infinity,Graveyeard,Anaal Nathrak,Andre Matos,Nachtmystium,Gojira,,,Arkanos,Caliban 6,,,,,,,,,,,,,Agalloch: Marrow of the spirit9,,,,,,,,,Annihilator: Annihilator6,,,,,,Frehley,Assjack,Black Pyramid,Hatebreed,Aorta,Earth Crsis,Avenged Sevenfold,Disfear,Edguy,Anathema,Grand Magus,NIN,Amorphis,Dimmu Borgir,Cluth,Paul Stanley,Between the Burid and me,Dissection,Daid Gilmour,,,,Meshuggah,Apocalyptica,Static X,,Exodus,Destruction,Deftones,Strapping Young Lad,,The Hellacopters,
,,Devas,Burzum,Autopsy,Autrian Death Machine,Architects,Beastmilk,Dethlok,Soulfly,Avulsed,Born of Osiris,Autopsy,Burzum,Andy Winter,Ghost,Buffalo,Yngwie Malmsteen,AC/DC,As I Lay Dying,Bullet,Asia,Die Toten Hosen,,,Asphyx,Axel Rudi Pell 5,,,,,,,,,,,,,"Bane: Chaos, Darkness & Emptiness8",,,,,,,,,Bison B.C.: Dark Ages8,,,,,,Vader,Andreas Kisser,Born of Osiris,Darkest Hour,Ripper Owens,Emperor,Buried Inside,Sepultura,Exodus,Blackmore´s night,Venom,Whitesnake,Exodus,Pelican,Ian,Death Breath,NOFX,The Berzerker,Venom,,,,Sentenced,The mars volta,Amon Amarth,,Fu Manchu,Carajo,Satan Dealres,The Haunted,,Los Natas,
,,Empyrium,Cannabis Corpse,Beto Vazquez Infinity,Emmure,Bigelf,Angra,Falkenbach,Trivium,Aexhumed,Edenbridge,The Dillinger escape plan,Children of Bodom,HIM,Free Fall,Carneross,Alma Matter,All that remains,My Dying Bride,CryptosyDokken,Attika7,Dying Fetus,,,Aurora Noir,Beneath the Massacre 6,,,,,,,,,,,,,Dark Moor: Ancestral Romance7,,,,,,,,,Deftones: Diamond Eyes9,,,,,,Peral Jam,Bloody Panda,Job fof a Cowboy,The Mars Volta,Edguy,Canldemass,Hammerfall,In this moment,Evergrey,Black Tide,Nachtmystium,The Cult,Electric Wizard,Immolation,D-Mente,Hammerfall,Stone Sour,Tool,In Flames,,,,Living Colour,Church of misery,Rhapsody,,Cannibal Corpse,King Crimson,Marilyn Manson,Endless,,Blaze,
,,Ill Niño,Darkest Era,Arthois,Enthroned,Caliban,Brain Dead,Plan 4,Running Wild,God is an Astronaut,Five Fonger Death Punch,August burn red,Boris,Dream Death,Avantasia,Adrenaline Mob,Arraigo,Cradle of Filth,Five Horse Johnson,Grave Digger,Bonded by Blood,Hellyeah,,,Barren Earth,Christian Mistress 8,,,,,,,,,,,,,Alice Copper: Theater of death7,,,,,,,,,Enthroned: Pentagrammaton8,,,,,,3 Inches of blood,August burns red,Suicide Silence,Artillery,Green Day,Chimaira,Delain,Horcas,Gojira,Walls of Jericho,Deicide,Hate eternal,High on fire,Poison the well,Dying Fetus,Rhapsody of Fire,Unearth,Atreyu,Edguy,,,,Millencolin,Diecast,Zao,,The Locust,Horcas,Sonata Arctica,The Tormentos,,DIO,
,,Grave Digger,Falconer,Bloody Hammers,Gotthard,Cripple Bastards,Alcest,Generation Kill,Dregen,Annihilator,Fueled by Fire,Baroness,Dark Tranquility,Drowning Pool,Devil,Afterdreams,Audrey Horne,Black Country Communion ,Ill Niño,Teh Gathering,Dublin Death Patrol,Isahn,,,The Mars Volta,Angel Witch 7,,,,,,,,,,,,,Deep Purple: Come taste teh badn 35th anniversary9,,,,,,,,,Cathedral: The Guessing Game 8,,,,,,Andre Matos,Alamfuerte,Behemoth,Clutch,Birds of prey,Chucrh of Misery,Eagles of death metal,Logos,Bloodbath,Motorhead,Tiamat,Rotten Sound,Jesus Martyr,Rush,Delain,My Dying Bride,O´Connor,Mission of Burma,Krisiun,,,,Enslaved,Hammerfall,Hermano,,Jeriko,Ulver,Ministry,Señor Mojon,,Malon EP (sin O´Connor),
,,Goatwhore,Capilla Ardiente,Elvenking,Black Label Society,Carnifex,Black Magic,Ghost,Anekke,Michael Monroe,Blacksmore´s night,Black Stars Riders,Deny,Rob Zombie,Fuego Interior,Anthrax,Black Veil Brides,Steven Wilson,Shining,Tarja,Ensiferum,Linkin Park,,,High on fire,Coldworker 9,,,,,,,,,,,,,Exciter: Death Machine6,,,,,,,,,Coheed and Cambria: Year of the black rainbow9,,,,,,Caliban,Brunt by the sun,Die toten Hosen,Deny,Cruzdiablo,Extreme noise terror,Chris Cornell,Misery Index,Cynic,Head,Krisiun,Dismember,Soilwork,Antimatter,Onslaught,Intronaut,Mastodon,Nigthwish,Rob Zombie,,,,Minoria Activa,Buzzcocks,Astroqueen,,Black Rebel Motorcycle Club,Nightrage,Therion,Buffalo,,Millencolin,
,,Entombed S.A.,Mayhem,Deep Purple,Mutation,De la Tierra,Black Trip,Heaven and Earth,Ashes of Ares,Pentagram Chile,Havok,Darkane,Eternal Grave,Immolation,Gama Bomb,Iron Maiden,Cult of Luna,Porcupine Tree,Plan 4 DVD,Devin Townsend Project,Lita Ford,Wig Wam,,,Bertoncelli,O´Connor 5,,,,,,,,,,,,,Hardcore Superstar: Split your lip7,,,,,,,,,Die Toten Hosen: Machmalauter7,,,,,,Dying Fetus,Dead Swans,Eternal Grave,Disarmona Mundi,Emerson-Hughes-Bonilla,Gamma Ray,Cattle Decapitation,Origin,AC/DC,All Shall Perish,Stonerider,Hellhammer,Obituary,The 69 eyes,Coldworker,The Haunted,Tragedy,Scar Simetry,Sigh,,,,Mudvayne,Mortician,Converge,,Monster Magnet,Sensacional Plasma,Hanoi Rocks,Joe Satriani,,Horcas,
,,King of Asgard,Corrosion of Conformity,Prong,Holy Moses,Crematory,Boston,Red Fang,Condor,Avenged Sevenfold,Hibria,Dead Warrior,Evile,Dead Lord,Kvelertak,Delphoz,Blackout,Neal Morse,Converge,Haarp,Doro,Great white,,,Municipal Waste,Primal Rok Rebellion 8,,,,,,,,,,,,,Horcas: La amldicion continua8,,,,,,,,,"Dropkick Murphys: Live on landsowne, Boston8",,,,,,Every time i die,Death Angel,Hardcore superstar,Paradise Lost,Firebird,Queensryche,Criminal,Kreator,Intronaut,Destruction,The Hellacopters,In Flames,Queens of the sotne age,The Wildhearts,Manowar,Hatebreed,Zao,Beyond Fear,Theatre of Tragedy,,,,Rotten Sound,Pain,Motorhead,,The Gathering,Machine Head,Poisonblack,System of a Down,,Hanoi Rocks,
,,KXM,Hellvox,Casualtis of cool,Impaled Nazarene,Earth Crisis,Blackfinger,Horisont,Jesu,Turisas,Philip Anselmo,Dio,Integrity,In Graved,Iced Earth,Dream Master,Circel ii Circle Crashdiet,The evil Dead,Pig Destroyer,Hartman,JK Flesh,Furyon,,,Borknagar,Darkthrone 6,,,,,,,,,,,,,Electric Wizard: Black Masses8,,,,,,,,,Theatre of Tragedy: Addenda5,,,,,,Europe,Hot Leg ,Cage,Dark Tranquility,NOFX,Lacrimosa,Doro Pesch,Pig Destroyer,Mudayne,Dragonforce,Inhsahn,Children of Bodom,Hermano,NIN,Saxon,Goatwhore,Terrorizer,Shadows Fall,Antiestéticos,,,,NIN,Jesus Martyr,Killswitch Engage,,Passenger,Stratovarius,Avernal,Pearl Jam,,Backyard babbies,
,,Madball,Hellyeah,Killer be Killed,Insomniom,Demon Hunter,Avatarium,Place Vendome,Malditos,TYR,Fughu,De la cruz,Kylesa,Queensryche,Stone Sour,Finntroll Gardenia,Dropcick Murphys,The Sword,Satan Dealers,Krallice,Korpiklaani,Trixter,,,God Forbid,Death 8,,,,,,,,,,,,,Ill Niño: Dead New World5,,,,,,,,,Katatonia: The longest year8,,,,,,Five Finger death punch,Jesu,Destroyer 666,Graveworm,Obscura,Lacuna Coil,Hatesphere,Ross the Boss,Niños Enfermos,Helker,Dar Sangre,Testament,Arch Enemy,WASP,The End,Embodyment,Napalm Death,Sick of it all,Moonspell,,,,A perfect circle,Anaal Nathrakh,God Forbid,,Vintersorg,Misery Index,Black Label Society,Spiritual Beggars,,The mushroom river band,
,,Quiet Riot,Incantation,Cradle of Filth,Mustach,Eidyllion,Carajo,Rhapsody of Fire,Manthras,Devil Driver,Karnivool,Jorn,Judas Priest,Rotting Christ,Soilwork,Lordi,Riverside,Richie Sambora,Sybreed,Marillion,Mondo Generator,Rammstein,,,Flying Colors,Earth 6,,,,,,,,,,,,,Impaled Nazarene: Road to the octagon6,,,,,,,,,Imagika: Portait of a handed man6,,,,,,The gates at slumber,Man must die,Dinosaur Jr,Iggy Pop,Place Vendome,Nightwish,Kylesa,Saxon,Nueva Etica,Iced earth,Warbreed,Death Angel,Prong,Serpentor,Tristania,Sick porky,Deicide,Therapy?,Ozzy Osbourne,,,,Fantomas,Turisas,Carnal Forge,,Mortem,The Wildhearts,Katatonia,Disturbed,,Halford,
,,Night Ranger,Anathema,H.E.A.T.,Portrait,Hatriot,Cynic,Melvins,Criptofonia,Mojón,La Paz,High on fire,Matan S.A.The ,Cathedral,Gamma Ray,Clucth,Hatebreed,Paul Gilbert,Ten,Rowek,Nueva etica,Luca Turilli´s Rhapsody,,,Exumer,Goatwhore 8,,,,,,,,,,,,,Oceano: Contagion3,,,,,,,,,Jon Oliva´s Pain: Festival 8,,,,,,Evile,Tenet,Coalesce,Korpiklaani,Primal Fear,GirlschoolImpending doom,Megasus,Septicflesh,O´Connor,Magnos,Belphegor,Bullet for my Valentine,Turbonegro,Mayhem,Alabama Thunderpussy,Diecast,Blind Guardian,Dragonauta,Mudhoney,,,,Hanoi Rocks,Orquesta del desierto,Horcas,,Blood Parade,Jezabel,Voivod,Vampiria,,The Damned,
,,Monuments,Ian Anderson,Holy Mountain,Nashville Pussy,Hirax,Iced Earth,Kill Devil Hill,Enforcer,Dueño Mortal,Violator,Falling reverse,Masterplan,Airbourne,Suffocation,Bullet fo my Valentine,Holy Grail,Incantation,The 69 eyes,Enslaved,In this moment,Malicia,,,Horisont,Kamikaze 6,,,,,,,,,,,,,Manowar: Battle Hymns MMXI6,,,,,,,,,Poisonblack: Of rust and bones8,,,,,,The Black Dahlia Murder,IQ,Goatwhore,Duff Mckagan´s loaded,Funeral Mist,Isis,My Dying Bride,Stuck Mojo,Pain,Soulfly,Opeth,Sebastian Bach,Foo Fighters,Marduk,Almah,Kayser,Lair of the Minotaur,Eagles of Death Metal,Cannibal Corpse,,,,Porcupine Tree,Hed (PE),Aura Noir,,Hualfin,Dragonauta,Sinner,Prong,,Red Hot Chili Peppers,
,,Off!,High Spirits,Killing Season,Pilgrim,Indians,Mayan,Inquisition,Ayreon, Serpentor,Psadena Napalm Division,Huntress,U.D.O.,Rechazo,Mastifal,Hardcore superstar,Ian,Tiamat,Therion,Lacrimosa,Fozzy,No Guerra,,,Iron Maiden,Rage 8,,,,,,,,,,,,,Raunchy: A discord electric8,,,,,,,,,Scorpions: Sting in the tail8,,,,,,Living Colour,Los Natas,Graves of valor,Jorn,Nashville Pussy,Iam Gillan,Psyopus,Supersuckers,Cradle of Filth,Scars on Broadway,Revolution Renaissance,Korpiklaani,Kotipelto,Despised Icon,Masterplan,Virgin Steele,Henceforth,Testament,Evergrey,,,,Backyard Babbies,Impaled,Napalm Death,,Nightstalker,Cadena Perpetua,Slam Up,Biozahard,,Pain,
,,John Garcias,California Breed,Menace,Triptycon,Iron Savior,Imperial State Electric,Sepultura,Ihsahn,Tarja,Power trip,Lacrimas Profundere,Queen of Stone Age,Iggy and teh Stoogies,Nails,Mi ultima solución,Malon DVD,Trouble horse,Lynkyrd Skynyrd,Montreal,OM,Periphery,,,Job for a Cowboy,Soulfly 7,,,,,,,,,,,,,Requiem Aeternam:Destiny-man5,,,,,,,,,Lair of the Minotaur: Evil Power7,,,,,,Lynkyrd Skynyrd,Municial Waste,Jason,Manica street preachers,New York Dolls,Pestilence,Samael,Tankard,Yngwie Malmsteem,Plan 4,Scar Symetry,Dream Master,Turisas,Entombed,Jesu,Amon Amarth,Posionblack,Killing Joke,Katatonia,,,,Nile,Rwake,Green Day,,Aleacion,Skid Row,Prion,Solace ,,Bellvue,
,,Mostly Autumn,Inquisición,Devil you know,Sebastin Bach,Kayser,Kampfar,Russina Circles,Metal Church,Revamp,Revocation,Leprous,The Poodless,Sodom,Mudhoney,Peter Dolving,Joel Grind,Vision of Disorder,Tone Sour,Grave,Sensacion Térmica,Nile,,,Unisonic,Les Discrets 5,,,,,,,,,,,,,Sorgsen: Human Behaviour8,,,,,,,,,Mago de Oz: Gaia III: Atlantia7,,,,,,Master of reality,O.S.I.,Judas Priest,Nightrage,Devin Townsend,Revolution Renaisance,Therapy?,The Faceless,Enslaved,Metal Church,Jorn,Rage,Primal Fear,Chris Cornell,Regurgitate,Anaal Nathrakh,Anata,Bruthal 6,Sepultura,,,,Karl Sanders,Caliban,All that remains,,Especies,Kamikaze,Staind,Teh Kovenant,,Annihilator,
,,November`s doom,Nazareth,Marty Friedman,Sevendust,Magnum,Grand Magus,Skeletonwitch,The Answer,Ulver,Valient Thor,Misery Signals,The Resistance,My dying bride,Shining,Six feet Under,Jorn,,The Amity Affliction,,Tankard,Sabaton,,,Accept,Terrorizer 6,,,,,,,,,,,,,Mago de Oz: Gaia: epilogo6,,,,,,,,,Triptykon: Eparistera Daimones8,,,,,,OM,Roswell Six,Pelican,Old man´s child,Seventh Void,Static X,God Forbid,Cannibal Corpse,Satyricon ,Posinblack,Mudhoney,Ayreon,Nile,Bad Religion,Melechesh,Isis,Grave,Voivod,Rage,,,,Strapping Young LAd,All else failed,Goatsnake,,Fallen,Antimater,Lagwagon,Gluecifer,,Melvins,
,,Linkin Park,The Quireboys,Epica,Sinbreed,Lacuna Coil,Horcas,Scar the Martyr,Peral jam,James Labrie,Newsted,Oliva,Tribulation,W.E.T.,Volbeat,Sister Sin,Portal,,Threshold,,The Faceless,Agalloch,,,Mark Lanegan Band,Morbid Angel 3,,,,,,,,,,,,,The Burning: Hail the horde6,,,,,,,,,Michael Schenker: Instrumental Intensity6,,,,,,Orthodox,Skinlab,Nachtmystium,Rancid,The Burnng,Tardy Brothers,Tren Loco,Sun O))),Tom Morello,The Haunted,Destrucción Extrema,Poseidótica,Jeriko,Antigama,Fu Manchu,Converge,Lamb of God,Strapping young lad,Primal Fear,,,,Mano a mano,Enthroned,The get up kids,,The End,Killing Joke,Nasum,Cradle of Filth,,Jason,
,,Orighen,Vader,Misery Index,Steel Panther,Massacre,Nightwish,Sahg,In Solitude,Watain,Clay,Queensryche,The Winery Dogs,Morbid Suffering,Suicidal Tendencies,Stratovarius,Steven Wilson,,Wintersun,,Ufomammut,Pelican,,,Running Wild,Osbcura 7,,,,,,,,,,,,,The damned things: Ironclast8,,,,,,,,,Jeff Beck: Emotion and Commotion8,,,,,,Sonata Arctica,The 69 eyes,Chickenfoot,Skyclad,The devils wears prada,The Prodigy,Vision Divine,Acend,Trivium,Toxic Holocaust,Skiltron,Satan Dealers,Iced Earth,Novembres Doom,Blut aus Nord,Sun O))),Ritual,Peeping Tom,Bongzilla,,,,Bruce Dickinson,Queens of the stone age,Orgy,,Queensryche,Prong,Cruel Adicción,Escualo,,Corazones Muertos,
,,Origin,Tankard,Sabaton,Velocidad 22,Nocturnall,Prumal Fear,Stryper,Sarke,,Pork,Palms,Vulcanor,Inhumation,Sevendust,Saxon,Tempestor,,,,Steve Vai,Deathspell Omega,,,Pilgrim,Pallbearer 9,,,,,,,,,,,,,The Crown: Doomsay King7,,,,,,,,,Melissa Auf der Maur: Out of our minds8,,,,,,Porcupine Tree,Winds of plague,Novembers Doom,Killswitch Engage,The Haunted,Iron Maiden,Zoroaster,Earth,Six Feet Under,Iorio,Disturbed,The Mars Volta,Lorihen,Linkin Park,Crisandemia,Kylesa,Slayer,Enslaved,Ginger,,,,The hidden hand,NOFX,Kefren,,Fairyland,Moonspell,Supersuckers,Restos Fósiles,,The Crown,
,,Pallbearer,Ginger Wildheart,Sick Porky,Whitechapel,Richie Ramone,Random,Toxic Holocaust,Monster Magnet,,White Wizzard,Pretty maids,,Burden Rage,Skid Row,Thyrfing,Nucflash,,,,Spineshank,Six feet Under,,,Osi,Pharaoh 7,,,,,,,,,,,,,The Man-Eating Tree: Vine6,,,,,,,,,Ratt: Infestation6,,,,,,Kittie,Yob,Obituary,Suffocation,Wolf,The Gathering,Papa Roach,Pentemple,Buffalo,Rata Blanca,Melvins,Ill Niño,Korn,Korn,Kittie,Sparta,Body Count ,Ihsahn,Sadus,,,,Eighteen visions,Krisiun,Clutch,,Bilnd Guardian,Morbid Angel,Sum 41,El Reloj,,Superjoint Ritual,
,,Suicide Silence,Septicflesh,Timo Tolki`s Avalon,Wolfmother,Skull Fist,Michael Schenker´s Temple of Rock,The Gathering,The Defiled,,Witchgrave,Satan,,,Stryper,,Tomahawk,,,,Tourniquet,Serj Tankian,,,Ministry,UFO 8,,,,,,,,,,,,,Stratovarius: Elysium6,,,,,,,,,Unleashed: As Yggdrasil Trembles9,,,,,,Shadows Fall,The poodless,Pez,UFO,Sun O))),,,Khanate,Clutch,Taura,Massacre,Keith Caputo,Darkthrone,Marilyn Manson,Pez,Logos,Helmet,Zyklon,Scott Reeder,,,,Burn the Priest,Los violadores,Fu Manchu,,Hypocrisy,The Mars Volta,Benumb,Corpus Christi,,Joey Ramone,
,,Tesla,,Vallenfyre,Edguy,Transatlantic,Royal Hunt,Metal Church,The devil wears Prada,,Whiterscape,Trouble,,,Tridanna,,Walking papers,,,,Katatonia,Tank,,,Ufomammut,RAM 7,,,,,,,,,,,,,Therapy?:We are here to teh end8,,,,,,,,,,,,,,,The Unborn,,Rigor Mortis,Anaal Nathraak,Stratovarius,,,The gates of slumber,All that remains,,The Tormentos,Serj Tankian,King Diamond,The Stoogies,Arch Enemy,Seemless,Colour Haze,The Sword,Neubula,,,,Origin,Iommi,Dark Tranquility,,Metalium,Korn,Turbonegro,Otra Salida,,Nightwish,
,,The dagger,,Fu Manchu,Anette Olzon,Slogh Feg,Santuario,,,,,Orphaned,,,,,Metallica DVD,,,,Vision Divine,The Agonist,,,Anathema,Sigh 9,,,,,,,,,,,,,Kiske-Somerville:Kiske-Somerville6,,,,,,,,,,,,,,,The wildhearts,,Ronny Munroe,,,,,Wino,Unearth,,Atrocity,Jonathan Davis,Ulver,Dark Tranquility,Krisiun,Allamfuerte,Thralldom,Wolfmother,Devin Townsend,,,,Darkmoor,Jesu,Cult of Luna,,Pearl Jam,Apocalyptica,Buzzcocks,Asesino,,Nebula,
,,Uriah Heep,,Floor,Thomas Holopainen,Twilight,Ulver & Sunn o))),,,,,Scorpion Child,,,,,,,,,,Vintersorg,,,Wino & Conny Ochs,Soen 8,,,,,,,,,,,,,TNT: a farewall to arms7,,,,,,,,,,,,,,,U.D.O.,,Voivod,,,,,Whitechapel,,,The wildhearts,Boris,Pid Destroyer,Hellyeah,Cruzdiablo,Black Lable Society,,Misery Index,Ministry,,,,Dreamaker,To separate the flesh to the bones,Lamb of God,,Harley´s war,Secret Sphere,Therapy?,Sonata Arctica,,Alabama Thunderpussy,
,,Vintersorg,,,,Suicide Silence,Supersuckers,,,,,Skiltron,,,,,,,,,,Turbonegro,,,,,,,,,,,,,,,,,Virgin Steele: The black light bacchanalia6,,,,,,,,,,,,,,,,,Devil Driver,,,,,Zozobra,,,Logos,The Sword,Ministry,Devildriver,Incubus,My Chemical Romance,,Metal Church,Satyricon,,,,Turbonegro,Paradise Lost,Nasum,,Acheron,Rancid,Motosierra,Pissing Razors,,Rush,
,,,,,,,Within Temptation,,,,,Waco Jesus,,,,,,,,,,Melvins,,,,,,,,,,,,,,,,,,,,,,,,,,,,,,,,,,,,,,,,,,Cult of Luna,Lair of the Minotaur,Monster Magnet,Sonata Arctica,,Melvins,,DIO,The Gathering,,,,Bloobath,Darkthrone,Pig Destroyer,,Corazones Muertos,Iggy pop,Edenbridge,Napalm Death,,Theravenous,
,,,,,,,,,,,,,,,,,,,,,,,,,,,,,,,,,,,,,,,,,,,,,,,,,,,,,,,,,,,,,,,,NIN,Iron Maiden DVD,Smashing Pumpkins,Megadeth,,Evanescence,,Carpathian Forest,Lacuna Coil,,,,My chemical romance,High on fire,Helmet,,Deicide,Piece of madness,Timmy O´Tool,Opeth,,Sentenced,
,,,,,,,,,,,,,,,,,,,,,,,,,,,,,,,,,,,,,,,,,,,,,,,,,,,,,,,,,,,,,,,,Motley Crue,,The Dillinger Escape Plan,Cephalic Carnage,,Trivium,,Jorn,Rhapsody,,,,Canldemass,Jello Biafra with The Melvins,YOB,,Atrocity,Twlightning,Ecliptic Sunset,The Gathering,,Tomahawk,
,,,,,,,,,,,,,,,,,,,,,,,,,,,,,,,,,,,,,,,,,,,,,,,,,,,,,,,,,,,,,,,,,,Cacería,,,Killswitch Engage,,Pearl Jam,Dismember,,,,Light end of use,Crowbar,Social Distortion,,Primal Fear,Lorihen,NOFX,Rage ,,Weezer,
,,,,,,,,,,,,,,,,,,,,,,,,,,,,,,,,,,,,,,,,,,,,,,,,,,,,,,,,,,,,,,,,,,Down,,,Audioslave,,Don Caballero,Otra Salida,,,,Marduk,Sparta,Boom boom kid,,Pennywise,Lullacry,Diego Mizrahi,Primal fear,,Danzig,
,,,,,,,,,,,,,,,,,,,,,,,,,,,,,,,,,,,,,,,,,,,,,,,,,,,,,,,,,,,,,,,,,,Helloween,,,Skid Row,,Those endless eyes,Witchery,,,,Cephalic Carnage,Kamelot,Jason,,Heavenly,Mastifal,Bangaldesh,Kamelot,,Running Wild,
,,,,,,,,,,,,,,,,,,,,,,,,,,,,,,,,,,,,,,,,,,,,,,,,,,,,,,,,,,,,,,,,,,,,,Rotten Sound,,Jesu,Backyard Babbies,,,,Lacrimosa,The Tormentos,Lord Divine,,Agoraphobic Nosebleed,Labyrinth,For My Pain,Foo Fighters,,Papa Roach,
,,,,,,,,,,,,,,,,,,,,,,,,,,,,,,,,,,,,,,,,,,,,,,,,,,,,,,,,,,,,,,,,,,,,,,,Gorgoroth,Buckcherry,,,,Snakeskin,Hablan por la espalda,Visions of atlantis,,Primus,Backyard babies,Tomahawk,Iced Earth,,,
,,,,,,,,,,,,,,,,,,,,,,,,,,,,,,,,,,,,,,,,,,,,,,,,,,,,,,,,,,,,,,,,,,,,,,,Twilight,Nasum,,,,Blood red throne,Tusk,Dream Theater,,Theater of Tragedy,Suidakra,Melissa,Zwan,,,
,,,,,,,,,,,,,,,,,,,,,,,,,,,,,,,,,,,,,,,,,,,,,,,,,,,,,,,,,,,,,,,,,,,,,,,Celtic Frost,Mastodon,,,,Eternal Grave,Banthis,Montreal,,Necromancia,Jane´s adiction,The White Stripes,Flema,,,
,,,,,,,,,,,,,,,,,,,,,,,,,,,,,,,,,,,,,,,,,,,,,,,,,,,,,,,,,,,,,,,,,,,,,,,Sodom,Joe Satriani,,,,Rata Blanca,,Jeriko,,Dismember,Rage,Michael Monroe,,,,
,,,,,,,,,,,,,,,,,,,,,,,,,,,,,,,,,,,,,,,,,,,,,,,,,,,,,,,,,,,,,,,,,,,,,,,,Wathc them die,,,,Napalm Death,,Angra,,Rage against the machine,P.O.D.,Speultura,,,,
,,,,,,,,,,,,,,,,,,,,,,,,,,,,,,,,,,,,,,,,,,,,,,,,,,,,,,,,,,,,,,,,,,,,,,,,Supreme Power,,,,Carpathian Forest,,Rammstein,,Edguy,Avernal,Los Violadores,,,,
,,,,,,,,,,,,,,,,,,,,,,,,,,,,,,,,,,,,,,,,,,,,,,,,,,,,,,,,,,,,,,,,,,,,,,,,,,,,,,Godsmack,,The Devin Townsend Band,Histeria,Gallery of mits,,,,
,,,,,,,,,,,,,,,,,,,,,,,,,,,,,,,,,,,,,,,,,,,,,,,,,,,,,,,,,,,,,,,,,,,,,,,,,,,,,,Carajo,,Kataklysm,Limp Bizkit,Green carnation,,,,
,,,,,,,,,,,,,,,,,,,,,,,,,,,,,,,,,,,,,,,,,,,,,,,,,,,,,,,,,,,,,,,,,,,,,,,,,,,,,,Loquero,,Hortus Animae,Sauron,Die Toten Hosen,,,,
,,,,,,,,,,,,,,,,,,,,,,,,,,,,,,,,,,,,,,,,,,,,,,,,,,,,,,,,,,,,,,,,,,,,,,,,,,,,,,Mnemic,,Brides of Destruction,Barilari,Rage,,,,
,,,,,,,,,,,,,,,,,,,,,,,,,,,,,,,,,,,,,,,,,,,,,,,,,,,,,,,,,,,,,,,,,,,,,,,,,,,,,,Pez,,Elis,The Offspring,Nevermore,,,,
,,,,,,,,,,,,,,,,,,,,,,,,,,,,,,,,,,,,,,,,,,,,,,,,,,,,,,,,,,,,,,,,,,,,,,,,,,,,,,Dream Evil,,Tarantula Hawk,Agente Naranja,White Skull,,,,
,,,,,,,,,,,,,,,,,,,,,,,,,,,,,,,,,,,,,,,,,,,,,,,,,,,,,,,,,,,,,,,,,,,,,,,,,,,,,,Unearth,,,Charon,Topos ,,,,
,,,,,,,,,,,,,,,,,,,,,,,,,,,,,,,,,,,,,,,,,,,,,,,,,,,,,,,,,,,,,,,,,,,,,,,,,,,,,,Haggard,,,Kiss,Tourniquet,,,,
,,,,,,,,,,,,,,,,,,,,,,,,,,,,,,,,,,,,,,,,,,,,,,,,,,,,,,,,,,,,,,,,,,,,,,,,,,,,,,Today is the day,,,Ulver,Angra,,,,
,,,,,,,,,,,,,,,,,,,,,,,,,,,,,,,,,,,,,,,,,,,,,,,,,,,,,,,,,,,,,,,,,,,,,,,,,,,,,,Mala Medicina,,,Cave in,Antiproduct,,,,
,,,,,,,,,,,,,,,,,,,,,,,,,,,,,,,,,,,,,,,,,,,,,,,,,,,,,,,,,,,,,,,,,,,,,,,,,,,,,,Nail Pain,,,,,,,,